country_code,country_name
ENG,ENGLAND
SEN,SENEGAL
GER,GERMANY
ESP,SPAIN
FRA,FRANCE
ITA,ITALY
BRA,BRAZIL
USA,UNITED STATES
CRO,CROATIA
DEN,DENMARK
MAR,MOROCCO
SCO,SCOTLAND
ARG,ARGENTINA
POR,PORTUGAL
BEL,BELGIUM
ALG,ALGERIA
UKR,UKRAINE
NED,NETHERLANDS
SWE,SWEDEN
URU,URUGUAY
SRB,SERBIA
WAL,WALES
CIV,CotedIvoire
NGA,NIGERIA
EGY,EGYPT
TUR,TURKEY
CMR,CAMEROON
GUI,GUINEA
SUI,SWITZERLAND
JPN,JAPAN
IRL,ISRAEL
GRE,GREECE
NIR,NORTHERN IRELAND
GHA,GHANA
AUT,AUSTRIA
JAM,JAMAICA
RSA,SOUTH AFRICA
CZE,CZECH REPUBLIC 
POL,POLAND
PAR,PARAGUAY
COD,CONGO
KOR,SOUTH KOREA
COL,COLOMBIA
GAB,GABON
NOR,NORWAY
AUS,AUSTRALIA
BIH,BOSNIA
ISL,ICELAND
MKD,NORTH MACEDONIA
BFA,BURFINA FASO
ZIM,ZIMBABWE
SVK,SLOVKIA
MEX,MEXICO
CAN,CANADA
MLI,MALI
IRN,IRAN
NZL,NEW ZEALAND
MTN,MAURITANIA
SKN,SAINT KITTS AND NEVIS
