match_id,home_team,away_team,home_team_goals,away_team_goals,winner
1,Arsenal,Burnley,0,0,Arsenal
2,Arsenal,Burnley,0,0,Burnley
3,Burnley,Arsenal,0,0,Burnley
4,Burnley,Arsenal,0,0,Arsenal
5,Arsenal,Wolverhampton Wanderers,0,0,Arsenal
6,Arsenal,Wolverhampton Wanderers,0,0,Wolverhampton Wanderers
7,Wolverhampton Wanderers,Arsenal,0,0,Wolverhampton Wanderers
8,Wolverhampton Wanderers,Arsenal,0,0,Arsenal
9,Arsenal,Everton,0,0,Everton
10,Arsenal,Everton,0,0,Everton
11,Everton,Arsenal,0,0,Everton
12,Everton,Arsenal,0,0,Arsenal
13,Arsenal,Newcastle United,0,0,Newcastle United
14,Arsenal,Newcastle United,0,0,Newcastle United
15,Newcastle United,Arsenal,0,0,Newcastle United
16,Newcastle United,Arsenal,0,0,Arsenal
17,Arsenal,West Bromwich Albion,0,0,Arsenal
18,Arsenal,West Bromwich Albion,0,0,West Bromwich Albion
19,West Bromwich Albion,Arsenal,0,0,West Bromwich Albion
20,West Bromwich Albion,Arsenal,0,0,Arsenal
21,Arsenal,Liverpool FC,0,0,Liverpool FC
22,Arsenal,Liverpool FC,0,0,Liverpool FC
23,Liverpool FC,Arsenal,0,0,Liverpool FC
24,Liverpool FC,Arsenal,0,0,Arsenal
25,Arsenal,Aston Villa,0,0,Arsenal
26,Arsenal,Aston Villa,0,0,Aston Villa
27,Aston Villa,Arsenal,0,0,Aston Villa
28,Aston Villa,Arsenal,0,0,Arsenal
29,Arsenal,Manchester City,0,0,Manchester City
30,Arsenal,Manchester City,0,0,Manchester City
31,Manchester City,Arsenal,0,0,Manchester City
32,Manchester City,Arsenal,0,0,Arsenal
33,Arsenal,Fulham,0,0,Fulham
34,Arsenal,Fulham,0,0,Fulham
35,Fulham,Arsenal,0,0,Fulham
36,Fulham,Arsenal,0,0,Arsenal
37,Arsenal,West Ham United,0,0,Arsenal
38,Arsenal,West Ham United,0,0,West Ham United
39,West Ham United,Arsenal,0,0,West Ham United
40,West Ham United,Arsenal,0,0,Arsenal
41,Arsenal,Leicester City,0,0,Arsenal
42,Arsenal,Leicester City,0,0,Leicester City
43,Leicester City,Arsenal,0,0,Leicester City
44,Leicester City,Arsenal,0,0,Arsenal
45,Arsenal,Crystal Palace,0,0,Arsenal
46,Arsenal,Crystal Palace,0,0,Crystal Palace
47,Crystal Palace,Arsenal,0,0,Crystal Palace
48,Crystal Palace,Arsenal,0,0,Arsenal
49,Arsenal,Leeds United,0,0,Leeds United
50,Arsenal,Leeds United,0,0,Leeds United
51,Leeds United,Arsenal,0,0,Leeds United
52,Leeds United,Arsenal,0,0,Arsenal
53,Arsenal,Brighton,0,0,Arsenal
54,Arsenal,Brighton,0,0,Brighton
55,Brighton,Arsenal,0,0,Brighton
56,Brighton,Arsenal,0,0,Arsenal
57,Arsenal,Southampton,0,0,Arsenal
58,Arsenal,Southampton,0,0,Southampton
59,Southampton,Arsenal,0,0,Southampton
60,Southampton,Arsenal,0,0,Arsenal
61,Arsenal,Tottenham Hotspur,0,0,Arsenal
62,Arsenal,Tottenham Hotspur,0,0,Tottenham Hotspur
63,Tottenham Hotspur,Arsenal,0,0,Tottenham Hotspur
64,Tottenham Hotspur,Arsenal,0,0,Arsenal
65,Arsenal,Manchester United,0,0,Arsenal
66,Arsenal,Manchester United,0,0,Manchester United
67,Manchester United,Arsenal,0,0,Manchester United
68,Manchester United,Arsenal,0,0,Arsenal
69,Arsenal,Sheffield United,0,0,Arsenal
70,Arsenal,Sheffield United,0,0,Sheffield United
71,Sheffield United,Arsenal,0,0,Sheffield United
72,Sheffield United,Arsenal,0,0,Arsenal
73,Arsenal,Chelsea,0,0,Chelsea
74,Arsenal,Chelsea,0,0,Chelsea
75,Chelsea,Arsenal,0,0,Chelsea
76,Chelsea,Arsenal,0,0,Arsenal
77,Aston Villa,Burnley,0,0,Aston Villa
78,Aston Villa,Burnley,0,0,Burnley
79,Burnley,Aston Villa,0,0,Burnley
80,Burnley,Aston Villa,0,0,Aston Villa
81,Aston Villa,Wolverhampton Wanderers,0,0,Aston Villa
82,Aston Villa,Wolverhampton Wanderers,0,0,Wolverhampton Wanderers
83,Wolverhampton Wanderers,Aston Villa,0,0,Wolverhampton Wanderers
84,Wolverhampton Wanderers,Aston Villa,0,0,Aston Villa
85,Aston Villa,Everton,0,0,Aston Villa
86,Aston Villa,Everton,0,0,Everton
87,Everton,Aston Villa,0,0,Everton
88,Everton,Aston Villa,0,0,Aston Villa
89,Aston Villa,Newcastle United,0,0,Aston Villa
90,Aston Villa,Newcastle United,0,0,Newcastle United
91,Newcastle United,Aston Villa,0,0,Newcastle United
92,Newcastle United,Aston Villa,0,0,Aston Villa
93,Aston Villa,West Bromwich Albion,0,0,West Bromwich Albion
94,Aston Villa,West Bromwich Albion,0,0,West Bromwich Albion
95,West Bromwich Albion,Aston Villa,0,0,West Bromwich Albion
96,West Bromwich Albion,Aston Villa,0,0,Aston Villa
97,Aston Villa,Liverpool FC,0,0,Aston Villa
98,Aston Villa,Liverpool FC,0,0,Liverpool FC
99,Liverpool FC,Aston Villa,0,0,Liverpool FC
100,Liverpool FC,Aston Villa,0,0,Aston Villa
101,Aston Villa,Manchester City,0,0,Aston Villa
102,Aston Villa,Manchester City,0,0,Manchester City
103,Manchester City,Aston Villa,0,0,Manchester City
104,Manchester City,Aston Villa,0,0,Aston Villa
105,Aston Villa,Fulham,0,0,Aston Villa
106,Aston Villa,Fulham,0,0,Fulham
107,Fulham,Aston Villa,0,0,Fulham
108,Fulham,Aston Villa,0,0,Aston Villa
109,Aston Villa,West Ham United,0,0,Aston Villa
110,Aston Villa,West Ham United,0,0,West Ham United
111,West Ham United,Aston Villa,0,0,West Ham United
112,West Ham United,Aston Villa,0,0,Aston Villa
113,Aston Villa,Leicester City,0,0,Aston Villa
114,Aston Villa,Leicester City,0,0,Leicester City
115,Leicester City,Aston Villa,0,0,Leicester City
116,Leicester City,Aston Villa,0,0,Aston Villa
117,Aston Villa,Crystal Palace,0,0,Crystal Palace
118,Aston Villa,Crystal Palace,0,0,Crystal Palace
119,Crystal Palace,Aston Villa,0,0,Crystal Palace
120,Crystal Palace,Aston Villa,0,0,Aston Villa
121,Aston Villa,Leeds United,0,0,Aston Villa
122,Aston Villa,Leeds United,0,0,Leeds United
123,Leeds United,Aston Villa,0,0,Leeds United
124,Leeds United,Aston Villa,0,0,Aston Villa
125,Aston Villa,Brighton,0,0,Aston Villa
126,Aston Villa,Brighton,0,0,Brighton
127,Brighton,Aston Villa,0,0,Brighton
128,Brighton,Aston Villa,0,0,Aston Villa
129,Aston Villa,Southampton,0,0,Southampton
130,Aston Villa,Southampton,0,0,Southampton
131,Southampton,Aston Villa,0,0,Southampton
132,Southampton,Aston Villa,0,0,Aston Villa
133,Aston Villa,Tottenham Hotspur,0,0,Aston Villa
134,Aston Villa,Tottenham Hotspur,0,0,Tottenham Hotspur
135,Tottenham Hotspur,Aston Villa,0,0,Tottenham Hotspur
136,Tottenham Hotspur,Aston Villa,0,0,Aston Villa
137,Aston Villa,Manchester United,0,0,Aston Villa
138,Aston Villa,Manchester United,0,0,Manchester United
139,Manchester United,Aston Villa,0,0,Manchester United
140,Manchester United,Aston Villa,0,0,Aston Villa
141,Aston Villa,Sheffield United,0,0,Sheffield United
142,Aston Villa,Sheffield United,0,0,Sheffield United
143,Sheffield United,Aston Villa,0,0,Sheffield United
144,Sheffield United,Aston Villa,0,0,Aston Villa
145,Aston Villa,Chelsea,0,0,Chelsea
146,Aston Villa,Chelsea,0,0,Chelsea
147,Chelsea,Aston Villa,0,0,Chelsea
148,Chelsea,Aston Villa,0,0,Aston Villa
149,Brighton,Burnley,0,0,Brighton
150,Brighton,Burnley,0,0,Burnley
151,Burnley,Brighton,0,0,Burnley
152,Burnley,Brighton,0,0,Brighton
153,Brighton,Wolverhampton Wanderers,0,0,Brighton
154,Brighton,Wolverhampton Wanderers,0,0,Wolverhampton Wanderers
155,Wolverhampton Wanderers,Brighton,0,0,Wolverhampton Wanderers
156,Wolverhampton Wanderers,Brighton,0,0,Brighton
157,Brighton,Everton,0,0,Brighton
158,Brighton,Everton,0,0,Everton
159,Everton,Brighton,0,0,Everton
160,Everton,Brighton,0,0,Brighton
161,Brighton,Newcastle United,0,0,Newcastle United
162,Brighton,Newcastle United,0,0,Newcastle United
163,Newcastle United,Brighton,0,0,Newcastle United
164,Newcastle United,Brighton,0,0,Brighton
165,Brighton,West Bromwich Albion,0,0,Brighton
166,Brighton,West Bromwich Albion,0,0,West Bromwich Albion
167,West Bromwich Albion,Brighton,0,0,West Bromwich Albion
168,West Bromwich Albion,Brighton,0,0,Brighton
169,Brighton,Liverpool FC,0,0,Brighton
170,Brighton,Liverpool FC,0,0,Liverpool FC
171,Liverpool FC,Brighton,0,0,Liverpool FC
172,Liverpool FC,Brighton,0,0,Brighton
173,Brighton,Manchester City,0,0,Brighton
174,Brighton,Manchester City,0,0,Manchester City
175,Manchester City,Brighton,0,0,Manchester City
176,Manchester City,Brighton,0,0,Brighton
177,Brighton,Fulham,0,0,Fulham
178,Brighton,Fulham,0,0,Fulham
179,Fulham,Brighton,0,0,Fulham
180,Fulham,Brighton,0,0,Brighton
181,Brighton,West Ham United,0,0,West Ham United
182,Brighton,West Ham United,0,0,West Ham United
183,West Ham United,Brighton,0,0,West Ham United
184,West Ham United,Brighton,0,0,Brighton
185,Brighton,Leicester City,0,0,Brighton
186,Brighton,Leicester City,0,0,Leicester City
187,Leicester City,Brighton,0,0,Leicester City
188,Leicester City,Brighton,0,0,Brighton
189,Brighton,Crystal Palace,0,0,Brighton
190,Brighton,Crystal Palace,0,0,Crystal Palace
191,Crystal Palace,Brighton,0,0,Crystal Palace
192,Crystal Palace,Brighton,0,0,Brighton
193,Brighton,Leeds United,0,0,Brighton
194,Brighton,Leeds United,0,0,Leeds United
195,Leeds United,Brighton,0,0,Leeds United
196,Leeds United,Brighton,0,0,Brighton
197,Brighton,Southampton,0,0,Brighton
198,Brighton,Southampton,0,0,Southampton
199,Southampton,Brighton,0,0,Southampton
200,Southampton,Brighton,0,0,Brighton
201,Brighton,Tottenham Hotspur,0,0,Brighton
202,Brighton,Tottenham Hotspur,0,0,Tottenham Hotspur
203,Tottenham Hotspur,Brighton,0,0,Tottenham Hotspur
204,Tottenham Hotspur,Brighton,0,0,Brighton
205,Brighton,Manchester United,0,0,Manchester United
206,Brighton,Manchester United,0,0,Manchester United
207,Manchester United,Brighton,0,0,Manchester United
208,Manchester United,Brighton,0,0,Brighton
209,Brighton,Sheffield United,0,0,Brighton
210,Brighton,Sheffield United,0,0,Sheffield United
211,Sheffield United,Brighton,0,0,Sheffield United
212,Sheffield United,Brighton,0,0,Brighton
213,Brighton,Chelsea,0,0,Brighton
214,Brighton,Chelsea,0,0,Chelsea
215,Chelsea,Brighton,0,0,Chelsea
216,Chelsea,Brighton,0,0,Brighton
217,Burnley,Wolverhampton Wanderers,0,0,Burnley
218,Burnley,Wolverhampton Wanderers,0,0,Wolverhampton Wanderers
219,Wolverhampton Wanderers,Burnley,0,0,Wolverhampton Wanderers
220,Wolverhampton Wanderers,Burnley,0,0,Burnley
221,Burnley,Everton,0,0,Burnley
222,Burnley,Everton,0,0,Everton
223,Everton,Burnley,0,0,Everton
224,Everton,Burnley,0,0,Burnley
225,Burnley,Newcastle United,0,0,Burnley
226,Burnley,Newcastle United,0,0,Newcastle United
227,Newcastle United,Burnley,0,0,Newcastle United
228,Newcastle United,Burnley,0,0,Burnley
229,Burnley,West Bromwich Albion,0,0,West Bromwich Albion
230,Burnley,West Bromwich Albion,0,0,West Bromwich Albion
231,West Bromwich Albion,Burnley,0,0,West Bromwich Albion
232,West Bromwich Albion,Burnley,0,0,Burnley
233,Burnley,Liverpool FC,0,0,Burnley
234,Burnley,Liverpool FC,0,0,Liverpool FC
235,Liverpool FC,Burnley,0,0,Liverpool FC
236,Liverpool FC,Burnley,0,0,Burnley
237,Burnley,Manchester City,0,0,Burnley
238,Burnley,Manchester City,0,0,Manchester City
239,Manchester City,Burnley,0,0,Manchester City
240,Manchester City,Burnley,0,0,Burnley
241,Burnley,Fulham,0,0,Burnley
242,Burnley,Fulham,0,0,Fulham
243,Fulham,Burnley,0,0,Fulham
244,Fulham,Burnley,0,0,Burnley
245,Burnley,West Ham United,0,0,Burnley
246,Burnley,West Ham United,0,0,West Ham United
247,West Ham United,Burnley,0,0,West Ham United
248,West Ham United,Burnley,0,0,Burnley
249,Burnley,Leicester City,0,0,Burnley
250,Burnley,Leicester City,0,0,Leicester City
251,Leicester City,Burnley,0,0,Leicester City
252,Leicester City,Burnley,0,0,Burnley
253,Burnley,Crystal Palace,0,0,Crystal Palace
254,Burnley,Crystal Palace,0,0,Crystal Palace
255,Crystal Palace,Burnley,0,0,Crystal Palace
256,Crystal Palace,Burnley,0,0,Burnley
257,Burnley,Leeds United,0,0,Burnley
258,Burnley,Leeds United,0,0,Leeds United
259,Leeds United,Burnley,0,0,Leeds United
260,Leeds United,Burnley,0,0,Burnley
261,Burnley,Southampton,0,0,Burnley
262,Burnley,Southampton,0,0,Southampton
263,Southampton,Burnley,0,0,Southampton
264,Southampton,Burnley,0,0,Burnley
265,Burnley,Tottenham Hotspur,0,0,Burnley
266,Burnley,Tottenham Hotspur,0,0,Tottenham Hotspur
267,Tottenham Hotspur,Burnley,0,0,Tottenham Hotspur
268,Tottenham Hotspur,Burnley,0,0,Burnley
269,Burnley,Manchester United,0,0,Manchester United
270,Burnley,Manchester United,0,0,Manchester United
271,Manchester United,Burnley,0,0,Manchester United
272,Manchester United,Burnley,0,0,Burnley
273,Burnley,Sheffield United,0,0,Burnley
274,Burnley,Sheffield United,0,0,Sheffield United
275,Sheffield United,Burnley,0,0,Sheffield United
276,Sheffield United,Burnley,0,0,Burnley
277,Burnley,Chelsea,0,0,Burnley
278,Burnley,Chelsea,0,0,Chelsea
279,Chelsea,Burnley,0,0,Chelsea
280,Chelsea,Burnley,0,0,Burnley
281,Chelsea,Wolverhampton Wanderers,0,0,Chelsea
282,Chelsea,Wolverhampton Wanderers,0,0,Wolverhampton Wanderers
283,Wolverhampton Wanderers,Chelsea,0,0,Wolverhampton Wanderers
284,Wolverhampton Wanderers,Chelsea,0,0,Chelsea
285,Chelsea,Everton,0,0,Chelsea
286,Chelsea,Everton,0,0,Everton
287,Everton,Chelsea,0,0,Everton
288,Everton,Chelsea,0,0,Chelsea
289,Chelsea,Newcastle United,0,0,Chelsea
290,Chelsea,Newcastle United,0,0,Newcastle United
291,Newcastle United,Chelsea,0,0,Newcastle United
292,Newcastle United,Chelsea,0,0,Chelsea
293,Chelsea,West Bromwich Albion,0,0,Chelsea
294,Chelsea,West Bromwich Albion,0,0,West Bromwich Albion
295,West Bromwich Albion,Chelsea,0,0,West Bromwich Albion
296,West Bromwich Albion,Chelsea,0,0,Chelsea
297,Chelsea,Liverpool FC,0,0,Chelsea
298,Chelsea,Liverpool FC,0,0,Liverpool FC
299,Liverpool FC,Chelsea,0,0,Liverpool FC
300,Liverpool FC,Chelsea,0,0,Chelsea
301,Chelsea,Manchester City,0,0,Manchester City
302,Chelsea,Manchester City,0,0,Manchester City
303,Manchester City,Chelsea,0,0,Manchester City
304,Manchester City,Chelsea,0,0,Chelsea
305,Chelsea,Fulham,0,0,Chelsea
306,Chelsea,Fulham,0,0,Fulham
307,Fulham,Chelsea,0,0,Fulham
308,Fulham,Chelsea,0,0,Chelsea
309,Chelsea,West Ham United,0,0,Chelsea
310,Chelsea,West Ham United,0,0,West Ham United
311,West Ham United,Chelsea,0,0,West Ham United
312,West Ham United,Chelsea,0,0,Chelsea
313,Chelsea,Leicester City,0,0,Leicester City
314,Chelsea,Leicester City,0,0,Leicester City
315,Leicester City,Chelsea,0,0,Leicester City
316,Leicester City,Chelsea,0,0,Chelsea
317,Chelsea,Crystal Palace,0,0,Chelsea
318,Chelsea,Crystal Palace,0,0,Crystal Palace
319,Crystal Palace,Chelsea,0,0,Crystal Palace
320,Crystal Palace,Chelsea,0,0,Chelsea
321,Chelsea,Leeds United,0,0,Chelsea
322,Chelsea,Leeds United,0,0,Leeds United
323,Leeds United,Chelsea,0,0,Leeds United
324,Leeds United,Chelsea,0,0,Chelsea
325,Chelsea,Southampton,0,0,Southampton
326,Chelsea,Southampton,0,0,Southampton
327,Southampton,Chelsea,0,0,Southampton
328,Southampton,Chelsea,0,0,Chelsea
329,Chelsea,Tottenham Hotspur,0,0,Chelsea
330,Chelsea,Tottenham Hotspur,0,0,Tottenham Hotspur
331,Tottenham Hotspur,Chelsea,0,0,Tottenham Hotspur
332,Tottenham Hotspur,Chelsea,0,0,Chelsea
333,Chelsea,Manchester United,0,0,Manchester United
334,Chelsea,Manchester United,0,0,Manchester United
335,Manchester United,Chelsea,0,0,Manchester United
336,Manchester United,Chelsea,0,0,Chelsea
337,Chelsea,Sheffield United,0,0,Chelsea
338,Chelsea,Sheffield United,0,0,Sheffield United
339,Sheffield United,Chelsea,0,0,Sheffield United
340,Sheffield United,Chelsea,0,0,Chelsea
341,Crystal Palace,Wolverhampton Wanderers,0,0,Wolverhampton Wanderers
342,Crystal Palace,Wolverhampton Wanderers,0,0,Wolverhampton Wanderers
343,Wolverhampton Wanderers,Crystal Palace,0,0,Wolverhampton Wanderers
344,Wolverhampton Wanderers,Crystal Palace,0,0,Crystal Palace
345,Crystal Palace,Everton,0,0,Everton
346,Crystal Palace,Everton,0,0,Everton
347,Everton,Crystal Palace,0,0,Everton
348,Everton,Crystal Palace,0,0,Crystal Palace
349,Crystal Palace,Newcastle United,0,0,Newcastle United
350,Crystal Palace,Newcastle United,0,0,Newcastle United
351,Newcastle United,Crystal Palace,0,0,Newcastle United
352,Newcastle United,Crystal Palace,0,0,Crystal Palace
353,Crystal Palace,West Bromwich Albion,0,0,Crystal Palace
354,Crystal Palace,West Bromwich Albion,0,0,West Bromwich Albion
355,West Bromwich Albion,Crystal Palace,0,0,West Bromwich Albion
356,West Bromwich Albion,Crystal Palace,0,0,Crystal Palace
357,Crystal Palace,Liverpool FC,0,0,Liverpool FC
358,Crystal Palace,Liverpool FC,0,0,Liverpool FC
359,Liverpool FC,Crystal Palace,0,0,Liverpool FC
360,Liverpool FC,Crystal Palace,0,0,Crystal Palace
361,Crystal Palace,Manchester City,0,0,Crystal Palace
362,Crystal Palace,Manchester City,0,0,Manchester City
363,Manchester City,Crystal Palace,0,0,Manchester City
364,Manchester City,Crystal Palace,0,0,Crystal Palace
365,Crystal Palace,Fulham,0,0,Crystal Palace
366,Crystal Palace,Fulham,0,0,Fulham
367,Fulham,Crystal Palace,0,0,Fulham
368,Fulham,Crystal Palace,0,0,Crystal Palace
369,Crystal Palace,West Ham United,0,0,Crystal Palace
370,Crystal Palace,West Ham United,0,0,West Ham United
371,West Ham United,Crystal Palace,0,0,West Ham United
372,West Ham United,Crystal Palace,0,0,Crystal Palace
373,Crystal Palace,Leicester City,0,0,Crystal Palace
374,Crystal Palace,Leicester City,0,0,Leicester City
375,Leicester City,Crystal Palace,0,0,Leicester City
376,Leicester City,Crystal Palace,0,0,Crystal Palace
377,Crystal Palace,Leeds United,0,0,Crystal Palace
378,Crystal Palace,Leeds United,0,0,Leeds United
379,Leeds United,Crystal Palace,0,0,Leeds United
380,Leeds United,Crystal Palace,0,0,Crystal Palace
381,Crystal Palace,Southampton,0,0,Southampton
382,Crystal Palace,Southampton,0,0,Southampton
383,Southampton,Crystal Palace,0,0,Southampton
384,Southampton,Crystal Palace,0,0,Crystal Palace
385,Crystal Palace,Tottenham Hotspur,0,0,Crystal Palace
386,Crystal Palace,Tottenham Hotspur,0,0,Tottenham Hotspur
387,Tottenham Hotspur,Crystal Palace,0,0,Tottenham Hotspur
388,Tottenham Hotspur,Crystal Palace,0,0,Crystal Palace
389,Crystal Palace,Manchester United,0,0,Crystal Palace
390,Crystal Palace,Manchester United,0,0,Manchester United
391,Manchester United,Crystal Palace,0,0,Manchester United
392,Manchester United,Crystal Palace,0,0,Crystal Palace
393,Crystal Palace,Sheffield United,0,0,Crystal Palace
394,Crystal Palace,Sheffield United,0,0,Sheffield United
395,Sheffield United,Crystal Palace,0,0,Sheffield United
396,Sheffield United,Crystal Palace,0,0,Crystal Palace
397,Everton,Wolverhampton Wanderers,0,0,Everton
398,Everton,Wolverhampton Wanderers,0,0,Wolverhampton Wanderers
399,Wolverhampton Wanderers,Everton,0,0,Wolverhampton Wanderers
400,Wolverhampton Wanderers,Everton,0,0,Everton
401,Everton,Newcastle United,0,0,Everton
402,Everton,Newcastle United,0,0,Newcastle United
403,Newcastle United,Everton,0,0,Newcastle United
404,Newcastle United,Everton,0,0,Everton
405,Everton,West Bromwich Albion,0,0,Everton
406,Everton,West Bromwich Albion,0,0,West Bromwich Albion
407,West Bromwich Albion,Everton,0,0,West Bromwich Albion
408,West Bromwich Albion,Everton,0,0,Everton
409,Everton,Liverpool FC,0,0,Everton
410,Everton,Liverpool FC,0,0,Liverpool FC
411,Liverpool FC,Everton,0,0,Liverpool FC
412,Liverpool FC,Everton,0,0,Everton
413,Everton,Manchester City,0,0,Everton
414,Everton,Manchester City,0,0,Manchester City
415,Manchester City,Everton,0,0,Manchester City
416,Manchester City,Everton,0,0,Everton
417,Everton,Fulham,0,0,Everton
418,Everton,Fulham,0,0,Fulham
419,Fulham,Everton,0,0,Fulham
420,Fulham,Everton,0,0,Everton
421,Everton,West Ham United,0,0,Everton
422,Everton,West Ham United,0,0,West Ham United
423,West Ham United,Everton,0,0,West Ham United
424,West Ham United,Everton,0,0,Everton
425,Everton,Leicester City,0,0,Leicester City
426,Everton,Leicester City,0,0,Leicester City
427,Leicester City,Everton,0,0,Leicester City
428,Leicester City,Everton,0,0,Everton
429,Everton,Leeds United,0,0,Everton
430,Everton,Leeds United,0,0,Leeds United
431,Leeds United,Everton,0,0,Leeds United
432,Leeds United,Everton,0,0,Everton
433,Everton,Southampton,0,0,Everton
434,Everton,Southampton,0,0,Southampton
435,Southampton,Everton,0,0,Southampton
436,Southampton,Everton,0,0,Everton
437,Everton,Tottenham Hotspur,0,0,Everton
438,Everton,Tottenham Hotspur,0,0,Tottenham Hotspur
439,Tottenham Hotspur,Everton,0,0,Tottenham Hotspur
440,Tottenham Hotspur,Everton,0,0,Everton
441,Everton,Manchester United,0,0,Everton
442,Everton,Manchester United,0,0,Manchester United
443,Manchester United,Everton,0,0,Manchester United
444,Manchester United,Everton,0,0,Everton
445,Everton,Sheffield United,0,0,Everton
446,Everton,Sheffield United,0,0,Sheffield United
447,Sheffield United,Everton,0,0,Sheffield United
448,Sheffield United,Everton,0,0,Everton
449,Fulham,Wolverhampton Wanderers,0,0,Fulham
450,Fulham,Wolverhampton Wanderers,0,0,Wolverhampton Wanderers
451,Wolverhampton Wanderers,Fulham,0,0,Wolverhampton Wanderers
452,Wolverhampton Wanderers,Fulham,0,0,Fulham
453,Fulham,Newcastle United,0,0,Fulham
454,Fulham,Newcastle United,0,0,Newcastle United
455,Newcastle United,Fulham,0,0,Newcastle United
456,Newcastle United,Fulham,0,0,Fulham
457,Fulham,West Bromwich Albion,0,0,West Bromwich Albion
458,Fulham,West Bromwich Albion,0,0,West Bromwich Albion
459,West Bromwich Albion,Fulham,0,0,West Bromwich Albion
460,West Bromwich Albion,Fulham,0,0,Fulham
461,Fulham,Liverpool FC,0,0,Fulham
462,Fulham,Liverpool FC,0,0,Liverpool FC
463,Liverpool FC,Fulham,0,0,Liverpool FC
464,Liverpool FC,Fulham,0,0,Fulham
465,Fulham,Manchester City,0,0,Fulham
466,Fulham,Manchester City,0,0,Manchester City
467,Manchester City,Fulham,0,0,Manchester City
468,Manchester City,Fulham,0,0,Fulham
469,Fulham,West Ham United,0,0,Fulham
470,Fulham,West Ham United,0,0,West Ham United
471,West Ham United,Fulham,0,0,West Ham United
472,West Ham United,Fulham,0,0,Fulham
473,Fulham,Leicester City,0,0,Leicester City
474,Fulham,Leicester City,0,0,Leicester City
475,Leicester City,Fulham,0,0,Leicester City
476,Leicester City,Fulham,0,0,Fulham
477,Fulham,Leeds United,0,0,Fulham
478,Fulham,Leeds United,0,0,Leeds United
479,Leeds United,Fulham,0,0,Leeds United
480,Leeds United,Fulham,0,0,Fulham
481,Fulham,Southampton,0,0,Fulham
482,Fulham,Southampton,0,0,Southampton
483,Southampton,Fulham,0,0,Southampton
484,Southampton,Fulham,0,0,Fulham
485,Fulham,Tottenham Hotspur,0,0,Fulham
486,Fulham,Tottenham Hotspur,0,0,Tottenham Hotspur
487,Tottenham Hotspur,Fulham,0,0,Tottenham Hotspur
488,Tottenham Hotspur,Fulham,0,0,Fulham
489,Fulham,Manchester United,0,0,Manchester United
490,Fulham,Manchester United,0,0,Manchester United
491,Manchester United,Fulham,0,0,Manchester United
492,Manchester United,Fulham,0,0,Fulham
493,Fulham,Sheffield United,0,0,Fulham
494,Fulham,Sheffield United,0,0,Sheffield United
495,Sheffield United,Fulham,0,0,Sheffield United
496,Sheffield United,Fulham,0,0,Fulham
497,Leeds United,Wolverhampton Wanderers,0,0,Wolverhampton Wanderers
498,Leeds United,Wolverhampton Wanderers,0,0,Wolverhampton Wanderers
499,Wolverhampton Wanderers,Leeds United,0,0,Wolverhampton Wanderers
500,Wolverhampton Wanderers,Leeds United,0,0,Leeds United
501,Leeds United,Newcastle United,0,0,Newcastle United
502,Leeds United,Newcastle United,0,0,Newcastle United
503,Newcastle United,Leeds United,0,0,Newcastle United
504,Newcastle United,Leeds United,0,0,Leeds United
505,Leeds United,West Bromwich Albion,0,0,Leeds United
506,Leeds United,West Bromwich Albion,0,0,West Bromwich Albion
507,West Bromwich Albion,Leeds United,0,0,West Bromwich Albion
508,West Bromwich Albion,Leeds United,0,0,Leeds United
509,Leeds United,Liverpool FC,0,0,Leeds United
510,Leeds United,Liverpool FC,0,0,Liverpool FC
511,Liverpool FC,Leeds United,0,0,Liverpool FC
512,Liverpool FC,Leeds United,0,0,Leeds United
513,Leeds United,Manchester City,0,0,Leeds United
514,Leeds United,Manchester City,0,0,Manchester City
515,Manchester City,Leeds United,0,0,Manchester City
516,Manchester City,Leeds United,0,0,Leeds United
517,Leeds United,West Ham United,0,0,Leeds United
518,Leeds United,West Ham United,0,0,West Ham United
519,West Ham United,Leeds United,0,0,West Ham United
520,West Ham United,Leeds United,0,0,Leeds United
521,Leeds United,Leicester City,0,0,Leeds United
522,Leeds United,Leicester City,0,0,Leicester City
523,Leicester City,Leeds United,0,0,Leicester City
524,Leicester City,Leeds United,0,0,Leeds United
525,Leeds United,Southampton,0,0,Leeds United
526,Leeds United,Southampton,0,0,Southampton
527,Southampton,Leeds United,0,0,Southampton
528,Southampton,Leeds United,0,0,Leeds United
529,Leeds United,Tottenham Hotspur,0,0,Leeds United
530,Leeds United,Tottenham Hotspur,0,0,Tottenham Hotspur
531,Tottenham Hotspur,Leeds United,0,0,Tottenham Hotspur
532,Tottenham Hotspur,Leeds United,0,0,Leeds United
533,Leeds United,Manchester United,0,0,Leeds United
534,Leeds United,Manchester United,0,0,Manchester United
535,Manchester United,Leeds United,0,0,Manchester United
536,Manchester United,Leeds United,0,0,Leeds United
537,Leeds United,Sheffield United,0,0,Leeds United
538,Leeds United,Sheffield United,0,0,Sheffield United
539,Sheffield United,Leeds United,0,0,Sheffield United
540,Sheffield United,Leeds United,0,0,Leeds United
541,Leicester City,Wolverhampton Wanderers,0,0,Leicester City
542,Leicester City,Wolverhampton Wanderers,0,0,Wolverhampton Wanderers
543,Wolverhampton Wanderers,Leicester City,0,0,Wolverhampton Wanderers
544,Wolverhampton Wanderers,Leicester City,0,0,Leicester City
545,Leicester City,Newcastle United,0,0,Leicester City
546,Leicester City,Newcastle United,0,0,Newcastle United
547,Newcastle United,Leicester City,0,0,Newcastle United
548,Newcastle United,Leicester City,0,0,Leicester City
549,Leicester City,West Bromwich Albion,0,0,Leicester City
550,Leicester City,West Bromwich Albion,0,0,West Bromwich Albion
551,West Bromwich Albion,Leicester City,0,0,West Bromwich Albion
552,West Bromwich Albion,Leicester City,0,0,Leicester City
553,Leicester City,Liverpool FC,0,0,Leicester City
554,Leicester City,Liverpool FC,0,0,Liverpool FC
555,Liverpool FC,Leicester City,0,0,Liverpool FC
556,Liverpool FC,Leicester City,0,0,Leicester City
557,Leicester City,Manchester City,0,0,Leicester City
558,Leicester City,Manchester City,0,0,Manchester City
559,Manchester City,Leicester City,0,0,Manchester City
560,Manchester City,Leicester City,0,0,Leicester City
561,Leicester City,West Ham United,0,0,West Ham United
562,Leicester City,West Ham United,0,0,West Ham United
563,West Ham United,Leicester City,0,0,West Ham United
564,West Ham United,Leicester City,0,0,Leicester City
565,Leicester City,Southampton,0,0,Leicester City
566,Leicester City,Southampton,0,0,Southampton
567,Southampton,Leicester City,0,0,Southampton
568,Southampton,Leicester City,0,0,Leicester City
569,Leicester City,Tottenham Hotspur,0,0,Leicester City
570,Leicester City,Tottenham Hotspur,0,0,Tottenham Hotspur
571,Tottenham Hotspur,Leicester City,0,0,Tottenham Hotspur
572,Tottenham Hotspur,Leicester City,0,0,Leicester City
573,Leicester City,Manchester United,0,0,Leicester City
574,Leicester City,Manchester United,0,0,Manchester United
575,Manchester United,Leicester City,0,0,Manchester United
576,Manchester United,Leicester City,0,0,Leicester City
577,Leicester City,Sheffield United,0,0,Sheffield United
578,Leicester City,Sheffield United,0,0,Sheffield United
579,Sheffield United,Leicester City,0,0,Sheffield United
580,Sheffield United,Leicester City,0,0,Leicester City
581,Liverpool FC,Wolverhampton Wanderers,0,0,Wolverhampton Wanderers
582,Liverpool FC,Wolverhampton Wanderers,0,0,Wolverhampton Wanderers
583,Wolverhampton Wanderers,Liverpool FC,0,0,Wolverhampton Wanderers
584,Wolverhampton Wanderers,Liverpool FC,0,0,Liverpool FC
585,Liverpool FC,Newcastle United,0,0,Liverpool FC
586,Liverpool FC,Newcastle United,0,0,Newcastle United
587,Newcastle United,Liverpool FC,0,0,Newcastle United
588,Newcastle United,Liverpool FC,0,0,Liverpool FC
589,Liverpool FC,West Bromwich Albion,0,0,Liverpool FC
590,Liverpool FC,West Bromwich Albion,0,0,West Bromwich Albion
591,West Bromwich Albion,Liverpool FC,0,0,West Bromwich Albion
592,West Bromwich Albion,Liverpool FC,0,0,Liverpool FC
593,Liverpool FC,Manchester City,0,0,Manchester City
594,Liverpool FC,Manchester City,0,0,Manchester City
595,Manchester City,Liverpool FC,0,0,Manchester City
596,Manchester City,Liverpool FC,0,0,Liverpool FC
597,Liverpool FC,West Ham United,0,0,West Ham United
598,Liverpool FC,West Ham United,0,0,West Ham United
599,West Ham United,Liverpool FC,0,0,West Ham United
600,West Ham United,Liverpool FC,0,0,Liverpool FC
601,Liverpool FC,Southampton,0,0,Liverpool FC
602,Liverpool FC,Southampton,0,0,Southampton
603,Southampton,Liverpool FC,0,0,Southampton
604,Southampton,Liverpool FC,0,0,Liverpool FC
605,Liverpool FC,Tottenham Hotspur,0,0,Tottenham Hotspur
606,Liverpool FC,Tottenham Hotspur,0,0,Tottenham Hotspur
607,Tottenham Hotspur,Liverpool FC,0,0,Tottenham Hotspur
608,Tottenham Hotspur,Liverpool FC,0,0,Liverpool FC
609,Liverpool FC,Manchester United,0,0,Manchester United
610,Liverpool FC,Manchester United,0,0,Manchester United
611,Manchester United,Liverpool FC,0,0,Manchester United
612,Manchester United,Liverpool FC,0,0,Liverpool FC
613,Liverpool FC,Sheffield United,0,0,Liverpool FC
614,Liverpool FC,Sheffield United,0,0,Sheffield United
615,Sheffield United,Liverpool FC,0,0,Sheffield United
616,Sheffield United,Liverpool FC,0,0,Liverpool FC
617,Manchester City,Wolverhampton Wanderers,0,0,Manchester City
618,Manchester City,Wolverhampton Wanderers,0,0,Wolverhampton Wanderers
619,Wolverhampton Wanderers,Manchester City,0,0,Wolverhampton Wanderers
620,Wolverhampton Wanderers,Manchester City,0,0,Manchester City
621,Manchester City,Newcastle United,0,0,Manchester City
622,Manchester City,Newcastle United,0,0,Newcastle United
623,Newcastle United,Manchester City,0,0,Newcastle United
624,Newcastle United,Manchester City,0,0,Manchester City
625,Manchester City,West Bromwich Albion,0,0,Manchester City
626,Manchester City,West Bromwich Albion,0,0,West Bromwich Albion
627,West Bromwich Albion,Manchester City,0,0,West Bromwich Albion
628,West Bromwich Albion,Manchester City,0,0,Manchester City
629,Manchester City,West Ham United,0,0,Manchester City
630,Manchester City,West Ham United,0,0,West Ham United
631,West Ham United,Manchester City,0,0,West Ham United
632,West Ham United,Manchester City,0,0,Manchester City
633,Manchester City,Southampton,0,0,Manchester City
634,Manchester City,Southampton,0,0,Southampton
635,Southampton,Manchester City,0,0,Southampton
636,Southampton,Manchester City,0,0,Manchester City
637,Manchester City,Tottenham Hotspur,0,0,Manchester City
638,Manchester City,Tottenham Hotspur,0,0,Tottenham Hotspur
639,Tottenham Hotspur,Manchester City,0,0,Tottenham Hotspur
640,Tottenham Hotspur,Manchester City,0,0,Manchester City
641,Manchester City,Manchester United,0,0,Manchester City
642,Manchester City,Manchester United,0,0,Manchester United
643,Manchester United,Manchester City,0,0,Manchester United
644,Manchester United,Manchester City,0,0,Manchester City
645,Manchester City,Sheffield United,0,0,Manchester City
646,Manchester City,Sheffield United,0,0,Sheffield United
647,Sheffield United,Manchester City,0,0,Sheffield United
648,Sheffield United,Manchester City,0,0,Manchester City
649,Manchester United,Wolverhampton Wanderers,0,0,Manchester United
650,Manchester United,Wolverhampton Wanderers,0,0,Wolverhampton Wanderers
651,Wolverhampton Wanderers,Manchester United,0,0,Wolverhampton Wanderers
652,Wolverhampton Wanderers,Manchester United,0,0,Manchester United
653,Manchester United,Newcastle United,0,0,Manchester United
654,Manchester United,Newcastle United,0,0,Newcastle United
655,Newcastle United,Manchester United,0,0,Newcastle United
656,Newcastle United,Manchester United,0,0,Manchester United
657,Manchester United,West Bromwich Albion,0,0,West Bromwich Albion
658,Manchester United,West Bromwich Albion,0,0,West Bromwich Albion
659,West Bromwich Albion,Manchester United,0,0,West Bromwich Albion
660,West Bromwich Albion,Manchester United,0,0,Manchester United
661,Manchester United,West Ham United,0,0,Manchester United
662,Manchester United,West Ham United,0,0,West Ham United
663,West Ham United,Manchester United,0,0,West Ham United
664,West Ham United,Manchester United,0,0,Manchester United
665,Manchester United,Southampton,0,0,Manchester United
666,Manchester United,Southampton,0,0,Southampton
667,Southampton,Manchester United,0,0,Southampton
668,Southampton,Manchester United,0,0,Manchester United
669,Manchester United,Tottenham Hotspur,0,0,Tottenham Hotspur
670,Manchester United,Tottenham Hotspur,0,0,Tottenham Hotspur
671,Tottenham Hotspur,Manchester United,0,0,Tottenham Hotspur
672,Tottenham Hotspur,Manchester United,0,0,Manchester United
673,Manchester United,Sheffield United,0,0,Manchester United
674,Manchester United,Sheffield United,0,0,Sheffield United
675,Sheffield United,Manchester United,0,0,Sheffield United
676,Sheffield United,Manchester United,0,0,Manchester United
677,Newcastle United,Wolverhampton Wanderers,0,0,Newcastle United
678,Newcastle United,Wolverhampton Wanderers,0,0,Wolverhampton Wanderers
679,Wolverhampton Wanderers,Newcastle United,0,0,Wolverhampton Wanderers
680,Wolverhampton Wanderers,Newcastle United,0,0,Newcastle United
681,Newcastle United,West Bromwich Albion,0,0,Newcastle United
682,Newcastle United,West Bromwich Albion,0,0,West Bromwich Albion
683,West Bromwich Albion,Newcastle United,0,0,West Bromwich Albion
684,West Bromwich Albion,Newcastle United,0,0,Newcastle United
685,Newcastle United,West Ham United,0,0,Newcastle United
686,Newcastle United,West Ham United,0,0,West Ham United
687,West Ham United,Newcastle United,0,0,West Ham United
688,West Ham United,Newcastle United,0,0,Newcastle United
689,Newcastle United,Southampton,0,0,Newcastle United
690,Newcastle United,Southampton,0,0,Southampton
691,Southampton,Newcastle United,0,0,Southampton
692,Southampton,Newcastle United,0,0,Newcastle United
693,Newcastle United,Tottenham Hotspur,0,0,Newcastle United
694,Newcastle United,Tottenham Hotspur,0,0,Tottenham Hotspur
695,Tottenham Hotspur,Newcastle United,0,0,Tottenham Hotspur
696,Tottenham Hotspur,Newcastle United,0,0,Newcastle United
697,Newcastle United,Sheffield United,0,0,Newcastle United
698,Newcastle United,Sheffield United,0,0,Sheffield United
699,Sheffield United,Newcastle United,0,0,Sheffield United
700,Sheffield United,Newcastle United,0,0,Newcastle United
701,Sheffield United,Wolverhampton Wanderers,0,0,Sheffield United
702,Sheffield United,Wolverhampton Wanderers,0,0,Wolverhampton Wanderers
703,Wolverhampton Wanderers,Sheffield United,0,0,Wolverhampton Wanderers
704,Wolverhampton Wanderers,Sheffield United,0,0,Sheffield United
705,Sheffield United,West Bromwich Albion,0,0,Sheffield United
706,Sheffield United,West Bromwich Albion,0,0,West Bromwich Albion
707,West Bromwich Albion,Sheffield United,0,0,West Bromwich Albion
708,West Bromwich Albion,Sheffield United,0,0,Sheffield United
709,Sheffield United,West Ham United,0,0,Sheffield United
710,Sheffield United,West Ham United,0,0,West Ham United
711,West Ham United,Sheffield United,0,0,West Ham United
712,West Ham United,Sheffield United,0,0,Sheffield United
713,Sheffield United,Southampton,0,0,Sheffield United
714,Sheffield United,Southampton,0,0,Southampton
715,Southampton,Sheffield United,0,0,Southampton
716,Southampton,Sheffield United,0,0,Sheffield United
717,Sheffield United,Tottenham Hotspur,0,0,Sheffield United
718,Sheffield United,Tottenham Hotspur,0,0,Tottenham Hotspur
719,Tottenham Hotspur,Sheffield United,0,0,Tottenham Hotspur
720,Tottenham Hotspur,Sheffield United,0,0,Sheffield United
721,Southampton,Wolverhampton Wanderers,0,0,Southampton
722,Southampton,Wolverhampton Wanderers,0,0,Wolverhampton Wanderers
723,Wolverhampton Wanderers,Southampton,0,0,Wolverhampton Wanderers
724,Wolverhampton Wanderers,Southampton,0,0,Southampton
725,Southampton,West Bromwich Albion,0,0,West Bromwich Albion
726,Southampton,West Bromwich Albion,0,0,West Bromwich Albion
727,West Bromwich Albion,Southampton,0,0,West Bromwich Albion
728,West Bromwich Albion,Southampton,0,0,Southampton
729,Southampton,West Ham United,0,0,Southampton
730,Southampton,West Ham United,0,0,West Ham United
731,West Ham United,Southampton,0,0,West Ham United
732,West Ham United,Southampton,0,0,Southampton
733,Southampton,Tottenham Hotspur,0,0,Southampton
734,Southampton,Tottenham Hotspur,0,0,Tottenham Hotspur
735,Tottenham Hotspur,Southampton,0,0,Tottenham Hotspur
736,Tottenham Hotspur,Southampton,0,0,Southampton
737,Tottenham Hotspur,Wolverhampton Wanderers,0,0,Tottenham Hotspur
738,Tottenham Hotspur,Wolverhampton Wanderers,0,0,Wolverhampton Wanderers
739,Wolverhampton Wanderers,Tottenham Hotspur,0,0,Wolverhampton Wanderers
740,Wolverhampton Wanderers,Tottenham Hotspur,0,0,Tottenham Hotspur
741,Tottenham Hotspur,West Bromwich Albion,0,0,Tottenham Hotspur
742,Tottenham Hotspur,West Bromwich Albion,0,0,West Bromwich Albion
743,West Bromwich Albion,Tottenham Hotspur,0,0,West Bromwich Albion
744,West Bromwich Albion,Tottenham Hotspur,0,0,Tottenham Hotspur
745,Tottenham Hotspur,West Ham United,0,0,Tottenham Hotspur
746,Tottenham Hotspur,West Ham United,0,0,West Ham United
747,West Ham United,Tottenham Hotspur,0,0,West Ham United
748,West Ham United,Tottenham Hotspur,0,0,Tottenham Hotspur
749,West Bromwich Albion,Wolverhampton Wanderers,0,0,West Bromwich Albion
750,West Bromwich Albion,Wolverhampton Wanderers,0,0,Wolverhampton Wanderers
751,Wolverhampton Wanderers,West Bromwich Albion,0,0,Wolverhampton Wanderers
752,Wolverhampton Wanderers,West Bromwich Albion,0,0,West Bromwich Albion
753,West Bromwich Albion,West Ham United,0,0,West Bromwich Albion
754,West Bromwich Albion,West Ham United,0,0,West Ham United
755,West Ham United,West Bromwich Albion,0,0,West Ham United
756,West Ham United,West Bromwich Albion,0,0,West Bromwich Albion
757,West Ham United,Wolverhampton Wanderers,0,0,West Ham United
758,West Ham United,Wolverhampton Wanderers,0,0,Wolverhampton Wanderers
759,Wolverhampton Wanderers,West Ham United,0,0,Wolverhampton Wanderers
760,Wolverhampton Wanderers,West Ham United,0,0,West Ham United
