player_id,age,nationality,club
1,18,ENG,Arsenal
2,28,GER,Arsenal
3,24,ENG,Arsenal
4,31,GAB,Arsenal
5,23,SCO,Arsenal
6,25,ESP,Arsenal
7,22,BRA,Arsenal
8,29,FRA,Arsenal
9,27,GHA,Arsenal
10,20,ENG,Arsenal
11,23,ESP,Arsenal
12,28,EGY,Arsenal
13,33,BRA,Arsenal
14,25,CIV,Arsenal
15,31,BRA,Arsenal
16,26,ESP,Arsenal
17,27,SUI,Arsenal
18,21,NOR,Arsenal
19,25,ENG,Arsenal
20,28,POR,Arsenal
21,19,BRA,Arsenal
22,22,ENG,Arsenal
23,21,ENG,Arsenal
24,28,AUS,Arsenal
25,20,ENG,Arsenal
26,27,BIH,Arsenal
27,20,ENG,Arsenal
28,28,GER,Arsenal
29,25,ISL,Arsenal
30,27,ARG,Aston Villa
31,24,ENG,Aston Villa
32,25,SCO,Aston Villa
33,24,ENG,Aston Villa
34,27,ENG,Aston Villa
35,22,ENG,Aston Villa
36,22,BRA,Aston Villa
37,24,BFA,Aston Villa
38,22,ENG,Aston Villa
39,24,ENG,Aston Villa
40,26,ENG,Aston Villa
41,25,NED,Aston Villa
42,25,EGY,Aston Villa
43,26,ZIM,Aston Villa
44,32,EGY,Aston Villa
45,25,ENG,Aston Villa
46,19,ENG,Aston Villa
47,25,FRA,Aston Villa
48,29,IRL,Aston Villa
49,22,ENG,Aston Villa
50,16,ENG,Aston Villa
51,23,BRA,Aston Villa
52,31,WAL,Aston Villa
53,18,ENG,Aston Villa
54,26,ENG,Brighton
55,20,IRL,Brighton
56,19,GER,Brighton
57,28,COL,Brighton
58,21,SUI,Brighton
59,26,RSA,Brighton
60,25,BRA,Brighton
61,28,NED,Brighton
62,26,IRN,Brighton
63,21,POL,Brighton
64,20,IRL,Brighton
65,21,COL,Brighton
66,19,ENG,Brighton
67,28,AUS,Brighton
68,21,ARG,Brighton
69,32,ENG,Brighton
70,29,ENG,Brighton
71,28,ENG,Brighton
72,28,NED,Brighton
73,22,ESP,Brighton
74,29,GER,Brighton
75,23,FRA,Brighton
76,25,ENG,Brighton
77,25,BEL,Brighton
78,28,ENG,Brighton
79,23,MLI,Brighton
80,22,ENG,Brighton
81,28,IRL,Burnley
82,17,ENG,Burnley
83,30,ENG,Burnley
84,27,ENG,Burnley
85,20,ENG,Burnley
86,31,ENG,Burnley
87,28,ENG,Burnley
88,24,ENG,Burnley
89,28,NZL,Burnley
90,30,ENG,Burnley
91,26,ENG,Burnley
92,29,ISL,Burnley
93,28,CZE,Burnley
94,31,ENG,Burnley
95,30,ENG,Burnley
96,31,NED,Burnley
97,31,ENG,Burnley
98,29,IRL,Burnley
99,23,NIR,Burnley
100,35,SCO,Burnley
101,22,IRL,Burnley
102,31,ENG,Burnley
103,20,ENG,Burnley
104,26,ENG,Burnley
105,21,SWE,Burnley
106,28,SEN,Chelsea
107,24,GER,Chelsea
108,23,ENG,Chelsea
109,29,FRA,Chelsea
110,28,ITA,Chelsea
111,35,BRA,Chelsea
112,25,FRA,Chelsea
113,26,CRO,Chelsea
114,27,GER,Chelsea
115,21,USA,Chelsea
116,21,GER,Chelsea
117,24,DEN,Chelsea
118,27,MAR,Chelsea
119,22,ENG,Chelsea
120,29,ESP,Chelsea
121,19,ENG,Chelsea
122,33,FRA,Chelsea
123,25,ESP,Chelsea
124,19,SCO,Chelsea
125,38,ARG,Chelsea
126,24,ENG,Chelsea
127,25,ITA,Chelsea
128,22,ENG,Chelsea
129,26,ENG,Chelsea
130,21,ENG,Chelsea
131,20,ENG,Chelsea
132,30,ESP,Chelsea
133,29,NED,Crystal Palace
134,27,ENG,Crystal Palace
135,23,FRA,Crystal Palace
136,30,FRA,Crystal Palace
137,31,ENG,Crystal Palace
138,26,BEL,Crystal Palace
139,29,IRL,Crystal Palace
140,29,ENG,Crystal Palace
141,33,ENG,Crystal Palace
142,27,GHA,Crystal Palace
143,32,SCO,Crystal Palace
144,20,ENG,Crystal Palace
145,23,NED,Crystal Palace
146,30,ENG,Crystal Palace
147,34,ENG,Crystal Palace
148,29,BEL,Crystal Palace
149,28,GHA,Crystal Palace
150,30,ENG,Crystal Palace
151,29,ENG,Crystal Palace
152,29,SRB,Crystal Palace
153,22,ENG,Crystal Palace
154,27,CIV,Crystal Palace
155,30,SEN,Crystal Palace
156,33,ESP,Crystal Palace
157,27,ENG,Everton
158,23,BRA,Everton
159,23,ENG,Everton
160,26,ENG,Everton
161,27,FRA,Everton
162,22,ENG,Everton
163,27,FRA,Everton
164,23,ENG,Everton
165,30,ISL,Everton
166,29,BRA,Everton
167,25,COL,Everton
168,29,COL,Everton
169,31,IRL,Everton
170,27,POR,Everton
171,24,NGA,Everton
172,22,ENG,Everton
173,30,SWE,Everton
174,27,BRA,Everton
175,30,ENG,Everton
176,19,ENG,Everton
177,19,FRA,Everton
178,23,ENG,Everton
179,28,NOR,Everton
180,29,TUR,Everton
181,20,POR,Everton
182,20,ITA,Everton
183,31,ENG,Everton
184,24,CIV,Everton
185,22,WAL,Everton
186,23,ENG,Fulham
187,27,FRA,Fulham
188,22,ENG,Fulham
189,22,ENG,Fulham
190,23,NGA,Fulham
191,24,DEN,Fulham
192,24,CMR,Fulham
193,27,JAM,Fulham
194,26,POR,Fulham
195,25,ENG,Fulham
196,22,USA,Fulham
197,24,ENG,Fulham
198,26,GAB,Fulham
199,24,NED,Fulham
200,25,SRB,Fulham
201,21,NGA,Fulham
202,29,SCO,Fulham
203,26,ENG,Fulham
204,32,USA,Fulham
205,32,BEL,Fulham
206,28,JAM,Fulham
207,17,ENG,Fulham
208,25,MTN,Fulham
209,23,SVK,Fulham
210,30,FRA,Fulham
211,28,COD,Fulham
212,26,NED,Fulham
213,20,AUS,Fulham
214,28,ENG,Leeds United
215,26,ENG,Leeds United
216,20,FRA,Leeds United
217,23,ENG,Leeds United
218,28,MKD,Leeds United
219,24,ENG,Leeds United
220,30,POL,Leeds United
221,23,BRA,Leeds United
222,28,SCO,Leeds United
223,20,NED,Leeds United
224,21,WAL,Leeds United
225,29,ESP,Leeds United
226,26,ESP,Leeds United
227,26,POR,Leeds United
228,24,GER,Leeds United
229,20,ENG,Leeds United
230,35,ESP,Leeds United
231,33,ESP,Leeds United
232,31,SUI,Leeds United
233,20,ENG,Leeds United
234,19,WAL,Leeds United
235,20,ENG,Leeds United
236,29,NIR,Leeds United
237,23,ENG,Leicester City
238,20,RSA,Leicester City
239,36,JAM,Leicester City
240,24,ENG,Leicester City
241,32,ALG,Leicester City
242,18,POR,Leicester City
243,23,TUR,Leicester City
244,22,ENG,Leicester City
245,34,AUT,Leicester City
246,25,GHA,Leicester City
247,26,BEL,Leicester City
248,26,POR,Leicester City
249,19,ENG,Leicester City
250,27,ESP,Leicester City
251,28,SEN,Leicester City
252,23,NGA,Leicester City
253,30,ENG,Leicester City
254,24,TUR,Leicester City
255,22,ENG,Leicester City
256,22,ENG,Leicester City
257,23,NGA,Leicester City
258,19,FRA,Leicester City
259,24,BEL,Leicester City
260,32,NIR,Leicester City
261,33,ENG,Leicester City
262,23,BEL,Leicester City
263,33,DEN,Leicester City
264,20,TUR,Liverpool FC
265,28,CMR,Liverpool FC
266,19,ENG,Liverpool FC
267,25,GUI,Liverpool FC
268,23,ENG,Liverpool FC
269,28,SUI,Liverpool FC
270,29,ESP,Liverpool FC
271,29,NED,Liverpool FC
272,33,ESP,Liverpool FC
273,19,WAL,Liverpool FC
274,25,JPN,Liverpool FC
275,30,ENG,Liverpool FC
276,23,ENG,Liverpool FC
277,19,ENG,Liverpool FC
278,24,GRE,Liverpool FC
279,21,IRL,Liverpool FC
280,25,BEL,Liverpool FC
281,26,BRA,Liverpool FC
282,28,EGY,Liverpool FC
283,21,ENG,Liverpool FC
284,29,NED,Liverpool FC
285,27,BRA,Liverpool FC
286,28,BRA,Liverpool FC
287,28,SEN,Liverpool FC
288,26,ENG,Liverpool FC
289,26,SCO,Liverpool FC
290,23,POR,Liverpool FC
291,34,ENG,Liverpool FC
292,32,ARG,Manchester City
293,19,ESP,Manchester City
294,17,ENG,Manchester City
295,25,USA,Manchester City
296,34,ENG,Manchester City
297,26,BRA,Manchester City
298,23,POR,Manchester City
299,24,ESP,Manchester City
300,25,ENG,Manchester City
301,26,POR,Manchester City
302,25,POR,Manchester City
303,29,GER,Manchester City
304,29,BEL,Manchester City
305,29,ALG,Manchester City
306,23,BRA,Manchester City
307,30,ENG,Manchester City
308,26,ENG,Manchester City
309,20,ENG,Manchester City
310,23,UKR,Manchester City
311,20,ESP,Manchester City
312,26,FRA,Manchester City
313,35,BRA,Manchester City
314,26,FRA,Manchester City
315,25,NED,Manchester City
316,17,FRA,Manchester United
317,22,ENG,Manchester United
318,27,ENG,Manchester United
319,22,ENG,Manchester United
320,25,ENG,Manchester United
321,26,SWE,Manchester United
322,27,BRA,Manchester United
323,29,ESP,Manchester United
324,23,SCO,Manchester United
325,27,FRA,Manchester United
326,18,ENG,Manchester United
327,24,FRA,Manchester United
328,33,URU,Manchester United
329,23,ENG,Manchester United
330,31,SRB,Manchester United
331,22,WAL,Manchester United
332,26,CIV,Manchester United
333,27,BRA,Manchester United
334,32,ESP,Manchester United
335,23,NED,Manchester United
336,22,ENG,Manchester United
337,19,ENG,Manchester United
338,18,CIV,Manchester United
339,18,SWE,Manchester United
340,22,NED,Manchester United
341,16,ENG,Manchester United
342,31,NGA,Manchester United
343,17,ENG,Manchester United
344,25,POR,Manchester United
345,17,SCO,Newcastle United
346,20,ENG,Newcastle United
347,31,ENG,Newcastle United
348,27,USA,Newcastle United
349,26,SCO,Newcastle United
350,26,ESP,Newcastle United
351,20,ENG,Newcastle United
352,31,SVK,Newcastle United
353,28,SUI,Newcastle United
354,28,WAL,Newcastle United
355,25,SWE,Newcastle United
356,30,SCO,Newcastle United
357,22,ENG,Newcastle United
358,28,IRL,Newcastle United
359,25,ENG,Newcastle United
360,23,FRA,Newcastle United
361,26,ENG,Newcastle United
362,22,NIR,Newcastle United
363,30,IRL,Newcastle United
364,25,ENG,Newcastle United
365,23,BRA,Newcastle United
366,28,ENG,Newcastle United
367,31,ARG,Newcastle United
368,29,ENG,Newcastle United
369,26,PAR,Newcastle United
370,28,ENG,Newcastle United
371,29,ENG,Newcastle United
372,32,IRL,Sheffield United
373,22,ENG,Sheffield United
374,27,ENG,Sheffield United
375,32,ENG,Sheffield United
376,30,IRL,Sheffield United
377,27,IRL,Sheffield United
378,28,SCO,Sheffield United
379,29,NIR,Sheffield United
380,19,WAL,Sheffield United
381,26,ENG,Sheffield United
382,25,ENG,Sheffield United
383,23,SCO,Sheffield United
384,22,NOR,Sheffield United
385,24,SCO,Sheffield United
386,20,ENG,Sheffield United
387,20,ENG,Sheffield United
388,23,ENG,Sheffield United
389,26,ENG,Sheffield United
390,34,ENG,Sheffield United
391,23,ENG,Sheffield United
392,37,ENG,Sheffield United
393,17,ENG,Sheffield United
394,24,FRA,Sheffield United
395,26,ENG,Sheffield United
396,21,FRA,Sheffield United
397,16,ENG,Sheffield United
398,17,ENG,Sheffield United
399,19,ENG,Southampton
400,24,POL,Southampton
401,25,ENG,Southampton
402,30,ENG,Southampton
403,24,SCO,Southampton
404,23,ENG,Southampton
405,18,FRA,Southampton
406,18,AUS,Southampton
407,20,IRL,Southampton
408,21,ENG,Southampton
409,18,SUI,Southampton
410,20,ENG,Southampton
411,21,FRA,Southampton
412,33,IRL,Southampton
413,20,IRL,Southampton
414,21,ENG,Southampton
415,32,ENG,Southampton
416,21,GHA,Southampton
417,25,JPN,Southampton
418,21,FRA,Southampton
419,22,MLI,Southampton
420,26,ENG,Southampton
421,26,ENG,Southampton
422,31,ENG,Southampton
423,28,ESP,Southampton
424,28,ENG,Southampton
425,27,DEN,Southampton
426,30,ENG,Southampton
427,28,SCO,Southampton
428,16,ENG,Tottenham Hotspur
429,24,ENG,Tottenham Hotspur
430,24,DEN,Tottenham Hotspur
431,33,FRA,Tottenham Hotspur
432,28,KOR,Tottenham Hotspur
433,27,ENG,Tottenham Hotspur
434,26,ENG,Tottenham Hotspur
435,22,WAL,Tottenham Hotspur
436,23,FRA,Tottenham Hotspur
437,23,ESP,Tottenham Hotspur
438,31,BEL,Tottenham Hotspur
439,27,CIV,Tottenham Hotspur
440,24,COL,Tottenham Hotspur
441,30,FRA,Tottenham Hotspur
442,27,BRA,Tottenham Hotspur
443,27,WAL,Tottenham Hotspur
444,28,IRL,Tottenham Hotspur
445,22,NED,Tottenham Hotspur
446,24,ARG,Tottenham Hotspur
447,31,WAL,Tottenham Hotspur
448,24,ENG,Tottenham Hotspur
449,25,BRA,Tottenham Hotspur
450,28,ARG,Tottenham Hotspur
451,21,ENG,Tottenham Hotspur
452,27,ENG,West Bromwich Albion
453,27,ENG,West Bromwich Albion
454,24,ENG,West Bromwich Albion
455,26,NGA,West Bromwich Albion
456,24,BRA,West Bromwich Albion
457,29,ENG,West Bromwich Albion
458,20,ENG,West Bromwich Albion
459,21,IRL,West Bromwich Albion
460,29,SCO,West Bromwich Albion
461,25,IRL,West Bromwich Albion
462,28,SKN,West Bromwich Albion
463,26,TUR,West Bromwich Albion
464,30,ENG,West Bromwich Albion
465,22,ENG,West Bromwich Albion
466,22,ENG,West Bromwich Albion
467,28,SEN,West Bromwich Albion
468,22,ENG,West Bromwich Albion
469,30,ENG,West Bromwich Albion
470,36,SRB,West Bromwich Albion
471,32,SCO,West Bromwich Albion
472,24,CRO,West Bromwich Albion
473,33,ENG,West Bromwich Albion
474,31,WAL,West Bromwich Albion
475,32,POL,West Bromwich Albion
476,22,ENG,West Bromwich Albion
477,31,ENG,West Bromwich Albion
478,29,EGY,West Bromwich Albion
479,31,ENG,West Bromwich Albion
480,22,ENG,West Bromwich Albion
481,20,ENG,West Bromwich Albion
482,21,ENG,West Ham United
483,27,ARG,West Ham United
484,20,ENG,West Ham United
485,27,ENG,West Ham United
486,33,ENG,West Ham United
487,26,CIV,West Ham United
488,26,COD,West Ham United
489,28,PAR,West Ham United
490,24,ALG,West Ham United
491,23,FRA,West Ham United
492,27,ENG,West Ham United
493,30,ENG,West Ham United
494,30,ENG,West Ham United
495,32,ITA,West Ham United
496,33,IRL,West Ham United
497,23,ENG,West Ham United
498,24,ESP,West Ham United
499,25,CZE,West Ham United
500,27,CZE,West Ham United
501,35,POL,West Ham United
502,30,ENG,West Ham United
503,27,BRA,West Ham United
504,32,SCO,West Ham United
505,30,UKR,West Ham United
506,27,ENG,Wolverhampton Wanderers
507,26,POR,Wolverhampton Wanderers
508,23,POR,Wolverhampton Wanderers
509,22,DEN,Wolverhampton Wanderers
510,20,POR,Wolverhampton Wanderers
511,24,ESP,Wolverhampton Wanderers
512,33,POR,Wolverhampton Wanderers
513,25,BEL,Wolverhampton Wanderers
514,30,MAR,Wolverhampton Wanderers
515,24,POR,Wolverhampton Wanderers
516,29,CIV,Wolverhampton Wanderers
517,19,FRA,Wolverhampton Wanderers
518,23,ENG,Wolverhampton Wanderers
519,28,BRA,Wolverhampton Wanderers
520,18,POR,Wolverhampton Wanderers
521,29,MEX,Wolverhampton Wanderers
522,31,BRA,Wolverhampton Wanderers
523,26,ESP,Wolverhampton Wanderers
524,18,NED,Wolverhampton Wanderers
525,20,POR,Wolverhampton Wanderers
526,20,ENG,Wolverhampton Wanderers
527,19,USA,Wolverhampton Wanderers
528,21,POR,Wolverhampton Wanderers
529,33,ENG,Wolverhampton Wanderers
530,22,ITA,Wolverhampton Wanderers
531,18,CAN,Wolverhampton Wanderers
532,32,POR,Wolverhampton Wanderers
