club,player_id,status
Arsenal,1,Active
Arsenal,2,Active
Arsenal,3,Active
Arsenal,4,Active
Arsenal,5,Active
Arsenal,6,Active
Arsenal,7,Active
Arsenal,8,Active
Arsenal,9,Active
Arsenal,10,Active
Arsenal,11,Active
Arsenal,12,Active
Arsenal,13,Active
Arsenal,14,Active
Arsenal,15,Active
Arsenal,16,Active
Arsenal,17,Active
Arsenal,18,Active
Arsenal,19,Active
Arsenal,20,Active
Arsenal,21,Active
Arsenal,22,Active
Arsenal,23,Active
Arsenal,24,Active
Arsenal,25,Active
Arsenal,26,Active
Arsenal,27,Active
Arsenal,28,Active
Arsenal,29,Active
Aston Villa,30,Active
Aston Villa,31,Active
Aston Villa,32,Active
Aston Villa,33,Active
Aston Villa,34,Active
Aston Villa,35,Active
Aston Villa,36,Active
Aston Villa,37,Active
Aston Villa,38,Active
Aston Villa,39,Active
Aston Villa,40,Active
Aston Villa,41,Active
Aston Villa,42,Active
Aston Villa,43,Active
Aston Villa,44,Active
Aston Villa,45,Active
Aston Villa,46,Active
Aston Villa,47,Active
Aston Villa,48,Active
Aston Villa,49,Active
Aston Villa,50,Active
Aston Villa,51,Active
Aston Villa,52,Active
Aston Villa,53,Active
Brighton,54,Active
Brighton,55,Active
Brighton,56,Active
Brighton,57,Active
Brighton,58,Active
Brighton,59,Active
Brighton,60,Active
Brighton,61,Active
Brighton,62,Active
Brighton,63,Active
Brighton,64,Active
Brighton,65,Active
Brighton,66,Active
Brighton,67,Active
Brighton,68,Active
Brighton,69,Active
Brighton,70,Active
Brighton,71,Active
Brighton,72,Active
Brighton,73,Active
Brighton,74,Active
Brighton,75,Active
Brighton,76,Active
Brighton,77,Active
Brighton,78,Active
Brighton,79,Active
Brighton,80,Active
Burnley,81,Active
Burnley,82,Active
Burnley,83,Active
Burnley,84,Active
Burnley,85,Active
Burnley,86,Active
Burnley,87,Active
Burnley,88,Active
Burnley,89,Active
Burnley,90,Active
Burnley,91,Active
Burnley,92,Active
Burnley,93,Active
Burnley,94,Active
Burnley,95,Active
Burnley,96,Active
Burnley,97,Active
Burnley,98,Active
Burnley,99,Active
Burnley,100,Active
Burnley,101,Active
Burnley,102,Active
Burnley,103,Active
Burnley,104,Active
Burnley,105,Active
Chelsea,106,Active
Chelsea,107,Active
Chelsea,108,Active
Chelsea,109,Active
Chelsea,110,Active
Chelsea,111,Active
Chelsea,112,Active
Chelsea,113,Active
Chelsea,114,Active
Chelsea,115,Active
Chelsea,116,Active
Chelsea,117,Active
Chelsea,118,Active
Chelsea,119,Active
Chelsea,120,Active
Chelsea,121,Active
Chelsea,122,Active
Chelsea,123,Active
Chelsea,124,Active
Chelsea,125,Active
Chelsea,126,Active
Chelsea,127,Active
Chelsea,128,Active
Chelsea,129,Active
Chelsea,130,Active
Chelsea,131,Active
Chelsea,132,Active
Crystal Palace,133,Active
Crystal Palace,134,Active
Crystal Palace,135,Active
Crystal Palace,136,Active
Crystal Palace,137,Active
Crystal Palace,138,Active
Crystal Palace,139,Active
Crystal Palace,140,Active
Crystal Palace,141,Active
Crystal Palace,142,Active
Crystal Palace,143,Active
Crystal Palace,144,Active
Crystal Palace,145,Active
Crystal Palace,146,Active
Crystal Palace,147,Active
Crystal Palace,148,Active
Crystal Palace,149,Active
Crystal Palace,150,Active
Crystal Palace,151,Active
Crystal Palace,152,Active
Crystal Palace,153,Active
Crystal Palace,154,Active
Crystal Palace,155,Active
Crystal Palace,156,Active
Everton,157,Active
Everton,158,Active
Everton,159,Active
Everton,160,Active
Everton,161,Active
Everton,162,Active
Everton,163,Active
Everton,164,Active
Everton,165,Active
Everton,166,Active
Everton,167,Active
Everton,168,Active
Everton,169,Active
Everton,170,Active
Everton,171,Active
Everton,172,Active
Everton,173,Active
Everton,174,Active
Everton,175,Active
Everton,176,Active
Everton,177,Active
Everton,178,Active
Everton,179,Active
Everton,180,Active
Everton,181,Active
Everton,182,Active
Everton,183,Active
Everton,184,Active
Everton,185,Active
Fulham,186,Active
Fulham,187,Active
Fulham,188,Active
Fulham,189,Active
Fulham,190,Active
Fulham,191,Active
Fulham,192,Active
Fulham,193,Active
Fulham,194,Active
Fulham,195,Active
Fulham,196,Active
Fulham,197,Active
Fulham,198,Active
Fulham,199,Active
Fulham,200,Active
Fulham,201,Active
Fulham,202,Active
Fulham,203,Active
Fulham,204,Active
Fulham,205,Active
Fulham,206,Active
Fulham,207,Active
Fulham,208,Active
Fulham,209,Active
Fulham,210,Active
Fulham,211,Active
Fulham,212,Active
Fulham,213,Active
Leeds United,214,Active
Leeds United,215,Active
Leeds United,216,Active
Leeds United,217,Active
Leeds United,218,Active
Leeds United,219,Active
Leeds United,220,Active
Leeds United,221,Active
Leeds United,222,Active
Leeds United,223,Active
Leeds United,224,Active
Leeds United,225,Active
Leeds United,226,Active
Leeds United,227,Active
Leeds United,228,Active
Leeds United,229,Active
Leeds United,230,Active
Leeds United,231,Active
Leeds United,232,Active
Leeds United,233,Active
Leeds United,234,Active
Leeds United,235,Active
Leeds United,236,Active
Leicester City,237,Active
Leicester City,238,Active
Leicester City,239,Active
Leicester City,240,Active
Leicester City,241,Active
Leicester City,242,Active
Leicester City,243,Active
Leicester City,244,Active
Leicester City,245,Active
Leicester City,246,Active
Leicester City,247,Active
Leicester City,248,Active
Leicester City,249,Active
Leicester City,250,Active
Leicester City,251,Active
Leicester City,252,Active
Leicester City,253,Active
Leicester City,254,Active
Leicester City,255,Active
Leicester City,256,Active
Leicester City,257,Active
Leicester City,258,Active
Leicester City,259,Active
Leicester City,260,Active
Leicester City,261,Active
Leicester City,262,Active
Leicester City,263,Active
Liverpool FC,264,Active
Liverpool FC,265,Active
Liverpool FC,266,Active
Liverpool FC,267,Active
Liverpool FC,268,Active
Liverpool FC,269,Active
Liverpool FC,270,Active
Liverpool FC,271,Active
Liverpool FC,272,Active
Liverpool FC,273,Active
Liverpool FC,274,Active
Liverpool FC,275,Active
Liverpool FC,276,Active
Liverpool FC,277,Active
Liverpool FC,278,Active
Liverpool FC,279,Active
Liverpool FC,280,Active
Liverpool FC,281,Active
Liverpool FC,282,Active
Liverpool FC,283,Active
Liverpool FC,284,Active
Liverpool FC,285,Active
Liverpool FC,286,Active
Liverpool FC,287,Active
Liverpool FC,288,Active
Liverpool FC,289,Active
Liverpool FC,290,Active
Liverpool FC,291,Active
Manchester City,292,Active
Manchester City,293,Active
Manchester City,294,Active
Manchester City,295,Active
Manchester City,296,Active
Manchester City,297,Active
Manchester City,298,Active
Manchester City,299,Active
Manchester City,300,Active
Manchester City,301,Active
Manchester City,302,Active
Manchester City,303,Active
Manchester City,304,Active
Manchester City,305,Active
Manchester City,306,Active
Manchester City,307,Active
Manchester City,308,Active
Manchester City,309,Active
Manchester City,310,Active
Manchester City,311,Active
Manchester City,312,Active
Manchester City,313,Active
Manchester City,314,Active
Manchester City,315,Active
Manchester United,316,Active
Manchester United,317,Active
Manchester United,318,Active
Manchester United,319,Active
Manchester United,320,Active
Manchester United,321,Active
Manchester United,322,Active
Manchester United,323,Active
Manchester United,324,Active
Manchester United,325,Active
Manchester United,326,Active
Manchester United,327,Active
Manchester United,328,Active
Manchester United,329,Active
Manchester United,330,Active
Manchester United,331,Active
Manchester United,332,Active
Manchester United,333,Active
Manchester United,334,Active
Manchester United,335,Active
Manchester United,336,Active
Manchester United,337,Active
Manchester United,338,Active
Manchester United,339,Active
Manchester United,340,Active
Manchester United,341,Active
Manchester United,342,Active
Manchester United,343,Active
Manchester United,344,Active
Newcastle United,345,Active
Newcastle United,346,Active
Newcastle United,347,Active
Newcastle United,348,Active
Newcastle United,349,Active
Newcastle United,350,Active
Newcastle United,351,Active
Newcastle United,352,Active
Newcastle United,353,Active
Newcastle United,354,Active
Newcastle United,355,Active
Newcastle United,356,Active
Newcastle United,357,Active
Newcastle United,358,Active
Newcastle United,359,Active
Newcastle United,360,Active
Newcastle United,361,Active
Newcastle United,362,Active
Newcastle United,363,Active
Newcastle United,364,Active
Newcastle United,365,Active
Newcastle United,366,Active
Newcastle United,367,Active
Newcastle United,368,Active
Newcastle United,369,Active
Newcastle United,370,Active
Newcastle United,371,Active
Sheffield United,372,Active
Sheffield United,373,Active
Sheffield United,374,Active
Sheffield United,375,Active
Sheffield United,376,Active
Sheffield United,377,Active
Sheffield United,378,Active
Sheffield United,379,Active
Sheffield United,380,Active
Sheffield United,381,Active
Sheffield United,382,Active
Sheffield United,383,Active
Sheffield United,384,Active
Sheffield United,385,Active
Sheffield United,386,Active
Sheffield United,387,Active
Sheffield United,388,Active
Sheffield United,389,Active
Sheffield United,390,Active
Sheffield United,391,Active
Sheffield United,392,Active
Sheffield United,393,Active
Sheffield United,394,Active
Sheffield United,395,Active
Sheffield United,396,Active
Sheffield United,397,Active
Sheffield United,398,Active
Southampton,399,Active
Southampton,400,Active
Southampton,401,Active
Southampton,402,Active
Southampton,403,Active
Southampton,404,Active
Southampton,405,Active
Southampton,406,Active
Southampton,407,Active
Southampton,408,Active
Southampton,409,Active
Southampton,410,Active
Southampton,411,Active
Southampton,412,Active
Southampton,413,Active
Southampton,414,Active
Southampton,415,Active
Southampton,416,Active
Southampton,417,Active
Southampton,418,Active
Southampton,419,Active
Southampton,420,Active
Southampton,421,Active
Southampton,422,Active
Southampton,423,Active
Southampton,424,Active
Southampton,425,Active
Southampton,426,Active
Southampton,427,Active
Tottenham Hotspur,428,Active
Tottenham Hotspur,429,Active
Tottenham Hotspur,430,Active
Tottenham Hotspur,431,Active
Tottenham Hotspur,432,Active
Tottenham Hotspur,433,Active
Tottenham Hotspur,434,Active
Tottenham Hotspur,435,Active
Tottenham Hotspur,436,Active
Tottenham Hotspur,437,Active
Tottenham Hotspur,438,Active
Tottenham Hotspur,439,Active
Tottenham Hotspur,440,Active
Tottenham Hotspur,441,Active
Tottenham Hotspur,442,Active
Tottenham Hotspur,443,Active
Tottenham Hotspur,444,Active
Tottenham Hotspur,445,Active
Tottenham Hotspur,446,Active
Tottenham Hotspur,447,Active
Tottenham Hotspur,448,Active
Tottenham Hotspur,449,Active
Tottenham Hotspur,450,Active
Tottenham Hotspur,451,Active
West Bromwich Albion,452,Active
West Bromwich Albion,453,Active
West Bromwich Albion,454,Active
West Bromwich Albion,455,Active
West Bromwich Albion,456,Active
West Bromwich Albion,457,Active
West Bromwich Albion,458,Active
West Bromwich Albion,459,Active
West Bromwich Albion,460,Active
West Bromwich Albion,461,Active
West Bromwich Albion,462,Active
West Bromwich Albion,463,Active
West Bromwich Albion,464,Active
West Bromwich Albion,465,Active
West Bromwich Albion,466,Active
West Bromwich Albion,467,Active
West Bromwich Albion,468,Active
West Bromwich Albion,469,Active
West Bromwich Albion,470,Active
West Bromwich Albion,471,Active
West Bromwich Albion,472,Active
West Bromwich Albion,473,Active
West Bromwich Albion,474,Active
West Bromwich Albion,475,Active
West Bromwich Albion,476,Active
West Bromwich Albion,477,Active
West Bromwich Albion,478,Active
West Bromwich Albion,479,Active
West Bromwich Albion,480,Active
West Bromwich Albion,481,Active
West Ham United,482,Active
West Ham United,483,Active
West Ham United,484,Active
West Ham United,485,Active
West Ham United,486,Active
West Ham United,487,Active
West Ham United,488,Active
West Ham United,489,Active
West Ham United,490,Active
West Ham United,491,Active
West Ham United,492,Active
West Ham United,493,Active
West Ham United,494,Active
West Ham United,495,Active
West Ham United,496,Active
West Ham United,497,Active
West Ham United,498,Active
West Ham United,499,Active
West Ham United,500,Active
West Ham United,501,Active
West Ham United,502,Active
West Ham United,503,Active
West Ham United,504,Active
West Ham United,505,Active
Wolverhampton Wanderers,506,Active
Wolverhampton Wanderers,507,Active
Wolverhampton Wanderers,508,Active
Wolverhampton Wanderers,509,Active
Wolverhampton Wanderers,510,Active
Wolverhampton Wanderers,511,Active
Wolverhampton Wanderers,512,Active
Wolverhampton Wanderers,513,Active
Wolverhampton Wanderers,514,Active
Wolverhampton Wanderers,515,Active
Wolverhampton Wanderers,516,Active
Wolverhampton Wanderers,517,Active
Wolverhampton Wanderers,518,Active
Wolverhampton Wanderers,519,Active
Wolverhampton Wanderers,520,Active
Wolverhampton Wanderers,521,Active
Wolverhampton Wanderers,522,Active
Wolverhampton Wanderers,523,Active
Wolverhampton Wanderers,524,Active
Wolverhampton Wanderers,525,Active
Wolverhampton Wanderers,526,Active
Wolverhampton Wanderers,527,Active
Wolverhampton Wanderers,528,Active
Wolverhampton Wanderers,529,Active
Wolverhampton Wanderers,530,Active
Wolverhampton Wanderers,531,Active
Wolverhampton Wanderers,532,Active
